<project xmlns="http://maven.apache.org/POM/4.0.0" xmlns:xsi="http://www.w3.org/2001/XMLSchema-instance"
  xsi:schemaLocation="http://maven.apache.org/POM/4.0.0 http://maven.apache.org/maven-v4_0_0.xsd">
  <modelVersion>4.0.0</modelVersion>
  <groupId>nl.berg.packt.checkstyle</groupId>
  <artifactId>checkstyle</artifactId>
  <packaging>pom</packaging>
  <version>1.0-SNAPSHOT</version>
  <name>checkstyle</name>
  <url>http://maven.apache.org</url>
<modules>
<module>api</module>
<module>help</module>
<module>impl</module>
<module>util</module>
<module>pack</module>
<module>tool</module>
<module>assembly</module>
<module>deploy</module>
<module>bundle</module>
</modules>
<build>
<plugins>
      <plugin>
        <groupId>org.apache.maven.plugins</groupId>
        <artifactId>maven-checkstyle-plugin</artifactId>
        <version>2.8</version>
      </plugin>
    </plugins>
</build>
<properties><project.build.sourceEncoding>UTF-8</project.build.sourceEncoding></properties>
</project>
