<project xmlns="http://maven.apache.org/POM/4.0.0"
   xmlns:xsi="http://www.w3.org/2001/XMLSchema-instance"
   xsi:schemaLocation="http://maven.apache.org/POM/4.0.0 http://maven.apache.org/maven-v4_0_0.xsd">
    <modelVersion>4.0.0</modelVersion>
    <groupId>org.berg</groupId>
    <artifactId>ch3.jenkins.builds</artifactId>      
    <version>1.0-SNAPSHOT</version>
    <name> - I am in control of my site - </name>
    <url>My_host/my_dir</url>
    <description>This is the meaningful DESCRIPTION</description>
    <build>
        <plugins><plugin>
                <groupId>org.codehaus.gmaven</groupId>
                <artifactId>gmaven-plugin</artifactId>
                <version>1.3</version> 
                <executions>
                    <execution>
                        <id>run-mygroovy-add-site-xml</id>
                        <goals>
                            <goal>execute</goal>
                        </goals>
                        <phase>pre-site</phase>
                        <configuration>
                            <source>
                                site_xml.groovy
                            </source>
                        </configuration>
                    </execution>
                    <execution>
                        <id>run-mygroovy-add-results-to-site</id>
                        <goals>
                            <goal>execute</goal>
                        </goals>
                        <phase>site</phase>
                        <configuration>
                            <source>
                                site.groovy
                            </source>
                        </configuration>
                    </execution>
                </executions>
            </plugin>
        </plugins>
    </build>
</project>
