<project xmlns="http://maven.apache.org/POM/4.0.0" xmlns:xsi="http://www.w3.org/2001/XMLSchema-instance"
  xsi:schemaLocation="http://maven.apache.org/POM/4.0.0 http://maven.apache.org/xsd/maven-4.0.0.xsd">
    <modelVersion>4.0.0</modelVersion>
    <groupId>nl.berg</groupId>
    <artifactId>license_checker</artifactId>
    <version>0.1-SNAPSHOT</version>
    <packaging>jar</packaging>
    <name>rats</name>
    <url>http://maven.apache.org</url>
    <properties>
        <project.build.sourceEncoding>UTF-8</project.build.sourceEncoding>
    </properties>
    <pluginRepositories>
        <pluginRepository>
            <id>apache.snapshots</id>
            <url>http://repository.apache.org/snapshots/</url>
        </pluginRepository>
    </pluginRepositories>
    <build>
        <plugins><plugin>
                <groupId>org.apache.rat</groupId>
                <artifactId>apache-rat-plugin</artifactId>
                <version>0.8-SNAPSHOT</version>
                <executions><execution>
                        <phase>verify</phase>
                        <goals>
                            <goal>check</goal>
                        </goals>
                    </execution>
                </executions>
                <configuration>
                    <excludeSubProjects>false</excludeSubProjects>
                    <numUnapprovedLicenses>97</numUnapprovedLicenses>
                    <excludes>
                        <exclude>**/.*/**</exclude>
                        <exclude>**/target/**/*</exclude>
                    </excludes>
                    <includes>
                        <include>**/src/**/*.bat</include>
                        <include>**/src/**/*.css</include>
                        <include>**/src/**/*.html</include>
                        <include>**/src/**/*.java</include>
                        <include>**/src/**/*.js</include>
                        <include>**/src/**/*.jsp</include>
                        <include>**/src/**/*.properties</include>
                        <include>**/src/**/*.sh</include>
                        <include>**/src/**/*.txt</include>
                        <include>**/src/**/*.vm</include>
                        <include>**/src/**/*.xml</include>
                    </includes>
                </configuration>
            </plugin>
        </plugins>
    </build>
</project>
